{"44ot5_2UaaU.11_1": {"static_diff": 0.02440100908279419, "mse": 27.81073365892683, "cos_sim": 0.4025807891573225, "avg_velocity": 9.98555833575665e-08}, "44ot5_2UaaU.11_2": {"static_diff": 0.007574354764074087, "mse": 9.08187930583954, "cos_sim": 0.8069358594715595, "avg_velocity": 6.459659971369547e-07}, "44ot5_2UaaU.11_3": {"static_diff": 0.003065092023462057, "mse": 10.570845876421247, "cos_sim": 0.7310542528118406, "avg_velocity": 6.447732516789983e-07}, "44ot5_2UaaU.11_4": {"static_diff": 0.001247977139428258, "mse": 6.816120834911571, "cos_sim": 0.8391016230863684, "avg_velocity": 1.0813006383614265e-06}, "44ot5_2UaaU.11_5": {"static_diff": 0.00337291625328362, "mse": 4.410280267397563, "cos_sim": 0.9030147610853115, "avg_velocity": 2.1288788332185504e-07}, "44ot5_2UaaU.11_6": {"static_diff": 0.014340394176542759, "mse": 22.957072184636043, "cos_sim": 0.4511113946254437, "avg_velocity": 6.300714261442408e-08}, "44ot5_2UaaU.11_0": {"static_diff": 0.028310587629675865, "mse": 33.57755088806152, "cos_sim": 0.3524208813905716, "avg_velocity": 3.5385102847840244e-08}, "44ot5_2UaaU.14_1": {"static_diff": 0.008611680008471012, "mse": 21.380033922195434, "cos_sim": 0.5154829792678356, "avg_velocity": 3.8408862224059703e-07}, "44ot5_2UaaU.14_0": {"static_diff": 0.0031625721603631973, "mse": 6.4494055860182815, "cos_sim": 0.8706556453424341, "avg_velocity": 3.7850620060453366e-07}, "44ot5_2UaaU.3_0": {"static_diff": 0.01282583549618721, "mse": 12.508272737264633, "cos_sim": 0.7447077166289091, "avg_velocity": 3.3774998087210406e-07}, "44ot5_2UaaU.3_8": {"static_diff": 0.0031620722729712725, "mse": 7.317579832382318, "cos_sim": 0.848532910754041, "avg_velocity": 2.1328753518901067e-07}, "44ot5_2UaaU.3_1": {"static_diff": 0.01156837958842516, "mse": 21.63258355004447, "cos_sim": 0.5661252992493766, "avg_velocity": 1.717974242865239e-07}, "44ot5_2UaaU.3_2": {"static_diff": 0.010969366878271103, "mse": 11.709975772433811, "cos_sim": 0.7214021045300696, "avg_velocity": 3.0350389579325565e-07}, "44ot5_2UaaU.3_3": {"static_diff": 0.0036776980850845575, "mse": 10.226948803121394, "cos_sim": 0.7198844010179694, "avg_velocity": 1.5163392674821807e-07}, "44ot5_2UaaU.3_4": {"static_diff": 0.0028037927113473415, "mse": 2.9878613606095312, "cos_sim": 0.929933775216341, "avg_velocity": 2.862836936401436e-07}, "44ot5_2UaaU.3_5": {"static_diff": 0.01796453818678856, "mse": 16.27222329714606, "cos_sim": 0.7464972056688801, "avg_velocity": 4.160687865351065e-07}, "44ot5_2UaaU.3_6": {"static_diff": 0.00855336245149374, "mse": 19.275701217651367, "cos_sim": 0.7352901530265809, "avg_velocity": 2.6814464604285604e-07}, "44ot5_2UaaU.3_7": {"static_diff": 0.009882621467113495, "mse": 15.26761256947237, "cos_sim": 0.7053383105233604, "avg_velocity": 2.0636529995954334e-07}, "44ot5_2UaaU.9_5": {"static_diff": 0.0028918480966240168, "mse": 10.914810640471321, "cos_sim": 0.7805932057755334, "avg_velocity": 7.765691378835982e-08}, "44ot5_2UaaU.9_1": {"static_diff": 0.05333595350384712, "mse": 32.77822036743164, "cos_sim": 0.3237138420343399, "avg_velocity": 1.0222604629461784e-07}, "44ot5_2UaaU.9_2": {"static_diff": 0.0010149315930902958, "mse": 3.1879175259516788, "cos_sim": 0.9372522510015048, "avg_velocity": 4.2241242681484437e-07}, "44ot5_2UaaU.9_3": {"static_diff": 0.006616511382162571, "mse": 17.223584006814395, "cos_sim": 0.659927727545009, "avg_velocity": 1.2029713047922996e-07}, "44ot5_2UaaU.9_4": {"static_diff": 0.0016569978324696422, "mse": 3.6707419109344483, "cos_sim": 0.9284349870681763, "avg_velocity": 3.3527919640619075e-07}, "44ot5_2UaaU.12_2": {"static_diff": 0.006617751903831959, "mse": 17.494271445274354, "cos_sim": 0.6745845064520836, "avg_velocity": 7.596315754199168e-08}, "44ot5_2UaaU.12_3": {"static_diff": 0.000370331690646708, "mse": 1.6807059115833707, "cos_sim": 0.9673349459966024, "avg_velocity": 2.926715580997552e-07}, "44ot5_2UaaU.12_4": {"static_diff": 0.02021666429936886, "mse": 26.680313110351562, "cos_sim": 0.38612931677036816, "avg_velocity": 2.0991079452414851e-07}, "44ot5_2UaaU.12_0": {"static_diff": 0.03349689766764641, "mse": 32.116533279418945, "cos_sim": 0.27400224283337593, "avg_velocity": 9.8194902875548e-08}, "44ot5_2UaaU.12_1": {"static_diff": 0.002794091822579503, "mse": 5.214916639857822, "cos_sim": 0.8979004356596205, "avg_velocity": 3.5007448673241015e-07}, "44ot5_2UaaU.20_3": {"static_diff": 0.015888873487710953, "mse": 22.75323332680596, "cos_sim": 0.5586613168319067, "avg_velocity": 8.48235970352107e-08}, "44ot5_2UaaU.20_4": {"static_diff": 0.0030945967882871628, "mse": 10.875681926464212, "cos_sim": 0.7856898677760157, "avg_velocity": 2.681378816760116e-07}, "44ot5_2UaaU.20_5": {"static_diff": 0.003958909306675196, "mse": 8.536054829756418, "cos_sim": 0.831613551825285, "avg_velocity": 4.1736120692803524e-07}, "44ot5_2UaaU.20_6": {"static_diff": 0.0007692815852351487, "mse": 2.1063520876136987, "cos_sim": 0.9580814484003428, "avg_velocity": 6.118841611169046e-07}, "44ot5_2UaaU.20_7": {"static_diff": 0.0014605179894715548, "mse": 3.97309215629802, "cos_sim": 0.9215642915052527, "avg_velocity": 3.847491143460502e-07}, "44ot5_2UaaU.20_1": {"static_diff": 0.013450813479721546, "mse": 14.276580333709717, "cos_sim": 0.7086179306109747, "avg_velocity": 4.933992272526666e-07}, "44ot5_2UaaU.20_2": {"static_diff": 0.01256628055125475, "mse": 25.859324888749555, "cos_sim": 0.5220558399503882, "avg_velocity": 6.377072736540867e-08}, "44ot5_2UaaU.6_3": {"static_diff": 0.004638547543436289, "mse": 6.678006561597188, "cos_sim": 0.8719321310520172, "avg_velocity": 3.6125939573139476e-07}, "44ot5_2UaaU.6_4": {"static_diff": 0.005411777179688215, "mse": 16.340721552712576, "cos_sim": 0.7008099028042385, "avg_velocity": 9.003262846363214e-08}, "44ot5_2UaaU.6_0": {"static_diff": 0.010754049755632877, "mse": 17.53684949874878, "cos_sim": 0.6730511784553528, "avg_velocity": 3.326719024698832e-07}, "44ot5_2UaaU.6_1": {"static_diff": 0.017086433246731758, "mse": 30.889150460561115, "cos_sim": 0.44848981748024624, "avg_velocity": 1.1222298468283043e-07}, "44ot5_2UaaU.6_2": {"static_diff": 0.010496226139366627, "mse": 16.842961085470098, "cos_sim": 0.6974214401684309, "avg_velocity": 4.75144815936801e-07}, "44ot5_2UaaU.0_5": {"static_diff": 0.0031629279255867004, "mse": 13.786467206478118, "cos_sim": 0.7513091251254082, "avg_velocity": 2.879507064790232e-06}, "44ot5_2UaaU.0_6": {"static_diff": 0.020676294341683388, "mse": 24.21520036458969, "cos_sim": 0.8189153784353819, "avg_velocity": 3.5959071738034254e-06}, "44ot5_2UaaU.0_0": {"static_diff": 0.0049822828732430935, "mse": 6.90419547698077, "cos_sim": 0.8629044995588415, "avg_velocity": 5.864459922122478e-07}, "44ot5_2UaaU.0_1": {"static_diff": 0.004073570482432842, "mse": 7.612135431226177, "cos_sim": 0.8180590484823499, "avg_velocity": 1.2136015925534593e-07}, "44ot5_2UaaU.0_2": {"static_diff": 0.009897385723888874, "mse": 20.147824204486348, "cos_sim": 0.6232622123282888, "avg_velocity": 4.170161389538407e-07}, "44ot5_2UaaU.0_3": {"static_diff": 0.007713173050433397, "mse": 14.043149816578833, "cos_sim": 0.7032032845349148, "avg_velocity": 1.1128841833851766e-05}, "44ot5_2UaaU.0_4": {"static_diff": 0.0011341607896611094, "mse": 11.335425935472761, "cos_sim": 0.7577392510005406, "avg_velocity": 4.0873251236916985e-06}, "44ot5_2UaaU.4_7": {"static_diff": 0.000983405509032309, "mse": 3.1118539299283707, "cos_sim": 0.9393286636897495, "avg_velocity": 2.892942063681403e-07}, "44ot5_2UaaU.4_15": {"static_diff": 0.006257736124098301, "mse": 12.00225111339869, "cos_sim": 0.7272073958027229, "avg_velocity": 4.367776895719544e-08}, "44ot5_2UaaU.4_8": {"static_diff": 0.01598656177520752, "mse": 20.76372531402943, "cos_sim": 0.5705353153306384, "avg_velocity": 1.2497578438797063e-07}, "44ot5_2UaaU.4_16": {"static_diff": 0.004089700523763895, "mse": 11.076689994941324, "cos_sim": 0.7488771030458353, "avg_velocity": 7.560215209423404e-08}, "44ot5_2UaaU.4_1": {"static_diff": 0.0010023301001638174,